<?xml version="1.0" encoding="UTF-8"?>
<ti:module xmlns:ti="http://ti.appcelerator.org" xmlns:android="http://schemas.android.com/apk/res/android">
  <!--
  Similar to tiapp.xml, but contains module/platform specific
  configuration in <iphone>, <android>, and <mobileweb> sections
  -->
  <iphone></iphone>
  <android xmlns:android="http://schemas.android.com/apk/res/android">
    <manifest>
      <application>
        <activity
        android:name="io.intercom.android.sdk.activities.MainActivity"
        android:configChanges="screenSize|orientation"
        android:exported="false"
        android:launchMode="singleTop"
        android:theme="@style/IntercomSDK_PanelTheme"
        android:windowSoftInputMode="stateUnchanged|adjustResize" />
        <activity
        android:name="io.intercom.android.sdk.attachments.AttachmentActivity"
        android:configChanges="screenSize|orientation"
        android:exported="false"
        android:theme="@style/IntercomSDK_AttachmentTheme"
        android:windowSoftInputMode="stateUnchanged|adjustResize" />
        <activity
        android:name="io.intercom.android.sdk.conversation.lightbox.LightboxActivity"
        android:configChanges="screenSize|orientation"
        android:exported="false"
        android:theme="@style/IntercomSDK_AttachmentTheme"
        android:windowSoftInputMode="stateUnchanged|adjustResize" />
        <activity
        android:name="io.intercom.android.sdk.activities.TestActivity"
        android:exported="false" />
      </application>
    </manifest>
  </android>
  <mobileweb></mobileweb>
</ti:module>
